{"threshold": 0.48, "accuracy": 0.80601184024014, "precision": 0.7922348788705278, "recall": 0.8272049585392411, "f1 score": 0.8093423478795329, "roc_auc": 0.8852078424195188}