{
    "model": "XGB-v1",
    "accuracy": 0.69225,
    "precision": 0.639121641144178,
    "recall": 0.9064830751577739,
    "f1 score": 0.7496780315867959,
    "roc_auc": 0.7835013141430048
}