{
    "model": "XGB-v2",
    "accuracy": 0.8191666666666667,
    "precision": 0.8272961945207761,
    "recall": 0.8142775182362102,
    "f1 score": 0.8207352333746386,
    "roc_auc": 0.897633439504093
}